제목,이미지URL,상세링크
거룩한 밤: 데몬 헌터스,/thumb?width=178&height=267&m_code=20218800&source=https://www.moviechart.co.kr/assets/upload/movie/250409091945_8782.jpg,https://www.moviechart.co.kr/info/movieinfo/detail/20218800
파과,/thumb?width=178&height=267&m_code=20240398&source=https://www.moviechart.co.kr/assets/upload/movie/250409090827_1743.jpg,https://www.moviechart.co.kr/info/movieinfo/detail/20240398
야당,/thumb?width=178&height=267&m_code=20232394&source=https://www.moviechart.co.kr/assets/upload/movie/250402104633_1356.jpg,https://www.moviechart.co.kr/info/movieinfo/detail/20232394
A MINECRAFT MOVIE 마인크래프트 무비,/thumb?width=178&height=267&m_code=20253280&source=https://www.moviechart.co.kr/assets/upload/movie/250410153916_5897.jpg,https://www.moviechart.co.kr/info/movieinfo/detail/20253280
극장판 진격의 거인 완결편 더 라스트 어택,/thumb?width=178&height=267&m_code=20253101&source=https://www.moviechart.co.kr/assets/upload/movie/250305060135_8572.jpg,https://www.moviechart.co.kr/info/movieinfo/detail/20253101
승부,/thumb?width=178&height=267&m_code=20203863&source=https://www.moviechart.co.kr/assets/upload/movie/250307160715_7814.jpg,https://www.moviechart.co.kr/info/movieinfo/detail/20203863
해피엔드,/thumb?width=178&height=267&m_code=20246318&source=https://www.moviechart.co.kr/assets/upload/movie/250414100330_1470.jpg,https://www.moviechart.co.kr/info/movieinfo/detail/20246318
마리아,/thumb?width=178&height=267&m_code=20249269&source=https://www.moviechart.co.kr/assets/upload/movie/250409095759_6674.jpg,https://www.moviechart.co.kr/info/movieinfo/detail/20249269
우리가 빛이라 상상하는 모든 것,/thumb?width=178&height=267&m_code=20246298&source=https://www.moviechart.co.kr/assets/upload/movie/250409100032_3050.jpg,https://www.moviechart.co.kr/info/movieinfo/detail/20246298
브리짓 존스의 일기: 뉴 챕터,/thumb?width=178&height=267&m_code=20249250&source=https://www.moviechart.co.kr/assets/upload/movie/250319094556_9942.jpg,https://www.moviechart.co.kr/info/movieinfo/detail/20249250
압수수색: 내란의 시작,/thumb?width=178&height=267&m_code=20253651&source=https://www.moviechart.co.kr/assets/upload/movie/250416113711_1388.jpg,https://www.moviechart.co.kr/info/movieinfo/detail/20253651
콘클라베,/thumb?width=178&height=267&m_code=20249251&source=https://www.moviechart.co.kr/assets/upload/movie/250220175109_5523.jpg,https://www.moviechart.co.kr/info/movieinfo/detail/20249251
사유리,/thumb?width=178&height=267&m_code=20253471&source=https://www.moviechart.co.kr/assets/upload/movie/250416170315_7237.jpg,https://www.moviechart.co.kr/info/movieinfo/detail/20253471
아마추어,/thumb?width=178&height=267&m_code=20246665&source=https://www.moviechart.co.kr/assets/upload/movie/250402101349_6040.jpg,https://www.moviechart.co.kr/info/movieinfo/detail/20246665
하보우만의 약속,/thumb?width=178&height=267&m_code=20253236&source=https://www.moviechart.co.kr/assets/upload/movie/250414101156_5299.jpg,https://www.moviechart.co.kr/info/movieinfo/detail/20253236
베러맨,/thumb?width=178&height=267&m_code=20253200&source=https://www.moviechart.co.kr/assets/upload/movie/250320115029_1499.jpg,https://www.moviechart.co.kr/info/movieinfo/detail/20253200
본회퍼: 목사.스파이.암살자,/thumb?width=178&height=267&m_code=20253060&source=https://www.moviechart.co.kr/assets/upload/movie/250327144726_9134.jpg,https://www.moviechart.co.kr/info/movieinfo/detail/20253060
기동전사 건담 지쿠악스 비기닝,/thumb?width=178&height=267&m_code=20253297&source=https://www.moviechart.co.kr/assets/upload/movie/250326112529_3313.jpg,https://www.moviechart.co.kr/info/movieinfo/detail/20253297
곤돌라,/thumb?width=178&height=267&m_code=20252747&source=https://www.moviechart.co.kr/assets/upload/movie/250410144543_8760.jpg,https://www.moviechart.co.kr/info/movieinfo/detail/20252747
퇴마록,/thumb?width=178&height=267&m_code=20240614&source=https://www.moviechart.co.kr/assets/upload/movie/250131162654_1340.jpg,https://www.moviechart.co.kr/info/movieinfo/detail/20240614
